lab_name,plan_id,nb_features,days_subscribed,nb_cases_month,nb_units_month,nb_other_settings_month,nb_other_products_month,nb_clients_month,nb_shipping_zipcodes_month,cluster_5,cluster_6
320S-D718,2,16,675,124,186,36,21,124,124,3,6
37L-D851,6,19,2042,34,50,18,0,34,32,1,2
38T-D685,1,8,46,21,38,0,0,21,21,3,6
314S-L496,10,8,172,277,389,30,0,277,277,3,6
A3A-A290,6,19,1648,243,388,17,0,243,243,1,2
A14N-A872,4,23,535,453,1037,59,0,453,453,5,1
A6N-D165,6,19,1859,27,85,0,0,27,27,1,2
A3C-D627,6,20,2469,189,269,57,0,189,185,1,2
A3I-D361,6,19,1535,13,27,10,0,13,13,1,2
A3L-D231,6,20,2671,166,249,12,0,166,148,1,2
A8D-D759,9,2,435,310,321,0,0,310,286,3,6
A17B-D669,5,5,1146,285,426,26,34,285,285,3,6
A9C-E598,6,19,1500,59,90,4,0,59,59,1,2
A18S-E589,6,20,2182,196,333,0,0,196,190,1,2
A3X-F781,6,20,1600,93,177,0,0,93,93,1,2
A22S-I398,2,8,70,72,78,4,0,72,72,3,6
A8T-L955,1,1,101,69,449,0,0,69,1,3,6
A7D-L212,5,5,662,139,167,4,0,139,139,3,6
A14B-L309,2,8,23,85,88,18,66,85,85,3,6
A5K-N865,6,19,2428,208,265,28,0,208,208,1,2
A10L-P190,7,21,1103,433,1076,252,54,433,432,5,1
A191-P932,11,14,93,850,1104,124,0,850,845,5,1
A15E-P776,3,16,135,2,9,0,0,2,2,3,6
A161-P327,10,8,305,694,919,28,0,694,669,5,1
A8M-R829,10,8,408,1,2,0,0,1,1,3,6
A9S-R112,7,17,1212,34,70,0,4,34,34,1,2
A10C-R212,11,14,255,132,429,0,0,132,28,3,6
A4A-R887,6,20,1296,196,397,4,0,196,143,1,2
A19S-R507,1,2,61,197,225,0,0,197,195,3,6
A6S-R607,7,17,702,197,356,0,0,197,197,1,2
A9N-R657,11,14,215,16,16,0,0,16,16,3,6
A9L-R155,4,23,1697,971,1785,180,224,971,970,5,1
A12B-R825,4,23,1625,935,1275,0,0,935,935,5,1
A17L-R358,6,20,1240,25,60,0,0,25,20,1,2
A13L-R522,11,14,438,1700,2777,0,0,1700,1700,2,3
A91-R539,2,7,79,364,597,0,0,364,364,3,6
A8C-R813,4,23,1928,917,1482,78,0,917,917,5,1
A15B-U966,6,20,1328,247,402,0,0,247,247,1,2
A7R-V127,3,20,2083,615,951,0,0,615,607,5,1
A16S-V493,7,17,1007,286,438,4,3,286,284,1,2
A7H-Z556,6,19,2225,17,30,13,0,17,17,1,2
B16B-A844,7,22,766,415,587,0,6,415,372,1,1
B18Y-A773,4,23,316,332,511,0,37,332,300,1,2
B5N-A879,8,21,1494,370,629,0,40,370,370,1,2
B8N-A695,9,1,418,427,700,145,1,427,368,3,6
B8Y-A863,9,1,339,23,42,2,0,23,15,3,6
B171-D280,7,10,702,32,38,2,0,32,27,3,6
B22S-E914,9,23,610,152,306,0,1,152,144,1,2
B22S-E359,7,17,770,279,352,19,0,279,272,1,2
B13L-L767,4,23,886,3180,4318,1075,1611,3180,3175,4,4
B14S-L403,9,1,516,34,61,0,0,34,34,3,6
B14B-L498,6,20,1640,181,348,0,0,181,140,1,2
B5N-O911,7,23,775,337,465,0,1,337,337,1,2
B7B-O136,6,19,1601,15,57,0,0,15,15,1,2
B15B-O604,7,17,767,47,77,0,0,47,33,1,2
B11Y-R264,9,3,319,16,28,0,0,16,16,3,6
B17B-R206,11,14,530,474,722,1,0,474,425,3,1
B17B-R595,4,21,127,2,4,0,0,2,2,3,6
B17B-R283,5,8,821,90,136,44,43,90,90,3,6
B11N-R160,6,19,1891,83,213,0,0,83,83,1,2
B15B-U917,5,3,1037,65,89,17,0,65,65,3,6
B4L-V430,4,21,199,773,1767,42,1,773,773,5,1
B8N-Y647,11,15,646,339,695,0,0,339,339,3,6
C16S-A346,5,19,943,212,335,19,0,212,212,1,2
C14S-A914,9,1,291,27,46,0,0,27,27,3,6
C10G-A962,6,19,752,46,65,0,0,46,45,1,2
C11L-A707,2,7,24,1,1,0,0,1,1,3,6
C17S-A498,11,14,320,166,311,113,8,166,165,3,6
C7L-A418,4,22,2069,722,952,0,0,722,722,5,1
C3B-C337,6,19,2035,189,313,2,0,189,176,1,2
C3I-D918,10,8,429,3,3,0,0,3,3,3,6
C10E-D970,9,1,506,38,130,0,4,38,38,3,6
C6T-E933,7,17,1178,670,1666,0,5,670,443,5,1
C8L-E333,11,15,415,363,474,41,40,363,354,3,6
C12T-E774,11,15,290,178,247,24,0,178,178,3,6
C10R-E894,10,8,323,659,1044,160,35,659,659,5,1
C9H-E983,11,14,353,100,217,0,4,100,100,3,6
C8K-E639,6,19,1613,78,135,0,0,78,78,1,2
C13S-E268,11,14,592,87,147,15,0,87,87,3,6
C15L-E563,6,21,1439,647,937,3,0,647,647,5,1
C23E-H530,7,17,745,484,1038,33,1030,484,484,5,1
C3A-I507,5,5,659,49,66,1,0,49,49,3,6
C4L-I949,6,20,2396,209,323,10,31,209,209,1,2
C15B-L193,7,17,794,343,880,0,0,343,328,1,1
C11E-L478,8,21,1532,349,410,0,217,349,349,1,2
C16B-O568,6,19,1612,165,228,1,0,165,165,1,2
C11L-O635,5,5,1110,178,269,13,6,178,172,3,6
C17R-O702,6,19,2113,42,59,0,0,42,42,1,2
C16S-O948,5,5,840,42,50,13,1,42,41,3,6
C17E-O744,8,23,1833,371,790,135,5,371,370,1,2
C22Y-O202,11,15,170,280,417,50,0,280,280,3,6
C27S-O691,6,20,1581,186,300,3,0,186,185,1,2
C68-R409,9,8,514,30,71,0,0,30,30,3,6
C9L-R611,4,23,1942,550,833,15,13,550,545,5,1
C7K-R314,2,23,1340,79,83,1,0,79,69,1,2
C14S-R328,11,14,534,400,594,2,0,400,399,3,6
C19S-R290,9,1,368,261,406,95,0,261,261,3,6
C16B-U972,5,16,753,11,12,0,0,11,11,3,6
C12T-U780,7,19,960,570,781,0,0,570,566,5,1
C7S-Y106,10,8,296,100,140,0,0,100,99,3,6
D8B-A936,11,16,480,241,414,4,0,241,241,3,6
D14B-A392,7,23,998,1177,1792,172,0,1177,1146,5,3
D4C-A974,10,10,627,455,716,70,12,455,452,3,6
D6B-D808,5,8,1079,419,439,0,0,419,418,3,6
D4L-D513,8,21,1987,706,1288,0,26,706,177,5,1
D13T-D452,4,21,51,8,8,0,0,8,8,3,6
D9S-D188,7,17,848,140,222,0,0,140,140,1,2
D15B-D892,11,16,540,936,2082,231,310,936,867,5,1
D13Y-D953,7,18,794,224,566,0,3,224,222,1,2
D9T-D143,10,17,635,894,1238,0,245,894,54,5,1
D17B-E230,6,20,1306,256,386,37,0,256,253,1,2
D19B-E388,11,14,338,668,870,146,0,668,668,5,1
D15O-E981,4,23,1050,1659,3980,0,0,1659,139,2,3
D17A-E431,11,18,297,920,2813,450,17,920,920,5,3
D14S-E392,10,8,375,264,356,3,0,264,259,3,6
D101-E687,2,15,96,479,848,3,0,479,479,3,1
D9H-E818,11,14,537,267,414,207,0,267,267,3,6
D17R-E884,6,19,1523,29,30,0,0,29,29,1,2
D12S-E303,9,1,444,106,284,0,0,106,106,3,6
D3S-E284,10,8,285,51,126,5,0,51,51,3,6
D9B-E318,10,10,606,143,440,52,0,143,141,3,6
D17B-E706,6,20,1579,113,167,6,0,113,113,1,2
D10B-E654,5,5,1138,13,20,0,0,13,13,3,6
D16S-I390,5,7,922,138,233,19,0,138,138,3,6
D8T-I980,9,7,452,102,178,0,0,102,101,3,6
D13R-I264,11,14,405,187,235,159,0,187,184,3,6
D15S-I889,6,19,1571,157,244,4,0,157,156,1,2
D16B-I539,6,19,1689,78,108,0,0,78,77,1,2
D16L-I744,3,23,184,93,125,9,0,93,93,1,2
D14S-I228,7,18,1160,115,222,0,0,115,115,1,2
D14G-I535,5,8,956,481,617,0,0,481,481,3,6
D12B-I932,7,18,740,665,1098,0,3,665,658,5,1
D7H-O685,9,1,215,115,115,1,0,115,115,3,6
D7G-O419,6,19,1208,25,33,0,0,25,25,1,2
D8B-O824,3,15,52,6,9,0,0,6,0,3,6
D3S-P652,9,1,315,43,72,2,0,43,43,3,6
D21B-R853,2,2,78,50,50,0,0,50,50,3,6
D8C-W522,5,6,460,74,130,0,0,74,73,3,6
E4L-C410,9,1,155,32,45,10,0,32,32,3,6
E13L-C619,6,19,1783,154,260,62,3,154,154,1,2
E7T-C263,5,5,744,453,836,22,0,453,440,3,6
E12B-D342,7,17,680,433,627,0,28,433,433,1,1
E21S-L602,1,1,53,69,93,0,3,69,69,3,6
E5E-L890,6,21,1739,327,448,9,0,327,325,1,2
E17O-L564,8,22,1234,524,695,36,3,524,523,5,1
E9H-L514,7,17,1088,371,551,319,0,371,365,5,1
E10N-L510,7,18,892,137,341,0,3,137,137,1,2
E16B-M432,11,14,411,339,482,0,0,339,339,3,6
E18Y-R899,4,23,1565,913,1364,230,0,913,913,5,1
E14S-S773,4,23,1510,1531,2319,16,0,1531,1526,2,3
E21Y-S567,4,23,906,423,601,7,0,423,418,1,1
E8C-S867,5,5,646,32,88,0,0,32,32,3,6
E16E-S318,6,19,1284,100,267,1,0,100,100,1,2
E14B-V709,8,21,1872,584,641,143,0,584,584,5,1
E15Y-V955,5,5,958,115,117,0,0,115,115,3,6
E6D-V930,5,5,1030,216,341,6,0,216,214,3,6
E15L-V256,4,23,1900,1072,1702,282,0,1072,1070,5,3
E21O-V640,10,8,439,220,390,0,0,220,220,3,6
E20N-X169,10,10,430,103,128,1,1,103,102,3,6
F7T-A615,5,7,1054,303,356,41,0,303,299,3,6
F14B-A963,6,19,2034,201,319,25,0,201,197,1,2
F17B-L711,5,4,372,168,453,0,0,168,167,3,6
F15L-O485,8,21,1825,375,483,5,0,375,375,1,2
F13B-O713,10,8,542,42,65,19,0,42,42,3,6
F13B-O547,4,23,493,1594,2383,24,113,1594,1594,2,3
F8N-O935,5,5,738,63,83,0,0,63,63,3,6
F16S-R297,9,1,153,59,80,0,2,59,57,3,6
G11T-A884,6,19,1836,177,233,4,0,177,177,1,2
G4L-C583,4,23,851,2945,4130,1611,0,2945,2945,4,5
G12B-C700,10,8,499,109,173,0,40,109,109,3,6
G3N-D701,7,17,766,487,803,0,0,487,486,5,1
G22S-E177,10,8,373,41,119,0,3,41,41,3,6
G18C-E276,10,15,190,54,87,0,0,54,50,3,6
G7T-E815,6,19,1341,450,646,4,0,450,449,1,1
G12O-E439,4,23,1107,3388,3650,1632,146,3388,3050,4,5
G12P-E199,2,22,1031,693,1008,1059,3,693,693,5,1
G11E-E352,11,14,450,58,59,0,0,58,58,3,6
G23N-L175,10,8,150,6,6,0,0,6,1,3,6
G11L-O542,5,5,1093,57,70,9,0,57,55,3,6
G14B-O972,6,19,2047,65,65,0,0,65,65,1,2
G19B-R620,6,19,1917,122,142,104,0,122,119,1,2
G9T-R285,7,23,93,68,113,2,0,68,68,1,2
H4A-A418,6,19,1398,189,294,7,0,189,188,1,2
H22S-A990,6,19,2089,122,174,0,2,122,110,1,2
H3L-D564,6,19,2434,199,213,51,4,199,199,1,2
H10R-E334,8,21,1822,278,487,3,6,278,138,1,2
H17B-E188,9,1,533,239,240,0,0,239,239,3,6
H4O-E419,11,14,220,102,142,0,0,102,102,3,6
H8T-E477,6,20,1261,78,170,0,0,78,78,1,2
H14L-I212,6,20,1582,165,273,6,0,165,58,1,2
H11Y-I163,6,19,1545,193,312,10,0,193,193,1,2
H16M-I437,8,20,1922,531,584,213,0,531,522,5,1
H7N-I377,10,8,540,118,125,0,0,118,113,3,6
H5I-N877,6,19,2390,73,101,2,0,73,73,1,2
H15B-O998,6,19,1242,70,93,0,0,70,70,1,2
H15B-O803,3,15,5,116,140,3,0,116,116,3,6
H8N-O659,4,23,2431,837,1176,6,0,837,739,5,1
H10S-O209,4,21,183,160,195,8,0,160,160,3,6
H14O-R984,5,5,877,100,193,8,0,100,96,3,6
H3L-T610,6,20,1266,136,161,0,0,136,136,1,2
H11L-U589,7,17,962,1029,1291,15,0,1029,1029,5,1
H4P-V648,11,14,324,556,968,99,0,556,556,5,1
H10H-Y375,10,8,277,31,248,6,5,31,31,3,6
H10L-Y190,10,8,306,14,30,0,0,14,14,3,6
I17O-A481,6,19,1212,137,307,0,0,137,137,1,2
I13S-D777,6,19,2546,140,306,0,0,140,18,1,2
I14S-D186,5,5,1137,89,146,0,0,89,88,3,6
I18B-D267,7,17,1318,253,407,152,6,253,253,1,2
I7B-D277,1,1,101,84,89,0,0,84,83,3,6
I10L-K967,6,19,1468,154,203,20,0,154,151,1,2
I5E-M210,8,21,1802,280,443,7,0,280,276,1,2
I11L-M933,7,17,1059,878,1093,190,67,878,878,5,1
I8G-M117,4,23,2671,789,1211,52,2,789,789,5,1
I11D-M303,4,7,263,3,8,0,0,3,3,3,6
I8L-M230,9,2,317,51,146,8,2,51,51,3,6
I13S-M266,7,17,772,32,39,0,0,32,32,1,2
I7A-N176,11,14,92,926,1320,0,2,926,922,5,1
I8I-N184,10,8,361,4,7,0,0,4,4,3,6
I8Y-N354,11,14,410,99,122,0,12,99,99,3,6
I9O-N738,2,22,10,126,231,4,14,126,126,3,6
I11E-N675,4,23,1824,641,1074,11,0,641,641,5,1
I9E-N911,11,14,274,111,132,0,0,111,96,3,6
I26Y-S495,5,5,1146,138,204,0,0,138,138,3,6
I6E-S222,6,19,1283,135,425,39,88,135,135,1,2
I10L-T653,4,23,1403,1076,1896,88,30,1076,1076,5,3
I12B-Z535,10,8,555,100,189,0,0,100,100,3,6
J11B-A783,6,22,1306,226,352,102,29,226,216,1,2
J6B-A802,6,20,1312,261,459,7,0,261,260,1,2
J15B-A472,11,17,647,435,601,18,0,435,435,1,1
J6R-A790,8,21,1888,374,379,0,0,374,370,1,2
J14O-B126,6,19,2550,336,461,41,0,336,336,1,2
J6B-E168,4,23,2865,389,558,8,0,389,388,1,2
J15C-F335,6,19,1474,24,67,0,0,24,24,1,2
J11B-R943,11,14,515,179,261,137,0,179,179,3,6
J11B-U431,8,21,2036,785,1218,61,0,785,778,5,1
J11L-U261,8,21,1100,393,1281,123,230,393,393,5,1
J17S-U751,6,22,2063,388,523,53,0,388,388,1,2
J4C-W158,4,23,2377,1137,1345,140,0,1137,1095,5,3
J2Z-Z760,7,17,1159,473,483,118,0,473,436,5,1
K22-2256,4,23,1723,1439,1954,1,0,1439,1420,2,3
K13R-A655,6,19,1188,4,18,0,0,4,3,1,2
K6S-A203,4,23,1233,1196,2008,80,1,1196,1195,2,3
K12T-A560,4,23,1581,437,2747,223,8,437,406,5,1
K13L-E191,6,19,1699,54,114,67,0,54,54,1,2
K7C-I673,9,1,553,21,25,4,4,21,20,3,6
K20Y-P451,6,19,1321,345,565,2,5,345,345,1,2
L17L-A668,8,21,1982,357,769,161,0,357,0,1,2
L12A-A349,3,21,635,1439,2620,0,0,1439,1439,2,3
L9N-A135,8,23,1339,226,974,26,0,226,23,1,2
L9E-A737,4,23,1451,427,944,0,2,427,423,1,1
L8D-A113,6,19,1275,100,110,0,0,100,97,1,2
L9B-A291,6,19,1688,177,183,0,0,177,177,1,2
L17S-A717,11,16,299,371,1003,0,58,371,370,3,1
L5N-A118,6,19,1248,180,267,0,0,180,180,1,2
L51-D812,11,14,248,485,754,26,0,485,485,3,1
L12L-E676,6,19,2133,163,383,5,0,163,163,1,2
L15O-E446,1,1,64,63,138,1,25,63,63,3,6
L12L-E922,6,19,1725,128,165,11,0,128,128,1,2
L7Y-I577,10,8,155,250,335,3,91,250,229,3,6
L10E-I607,9,1,141,24,44,0,0,24,15,3,6
L17A-I401,10,8,380,13,16,4,0,13,12,3,6
L12L-I684,6,19,1811,311,480,19,6,311,311,1,2
L17B-O963,10,9,624,236,333,0,0,236,229,3,6
L8F-O842,6,19,1335,49,49,0,0,49,49,1,2
L15S-O655,9,1,340,69,88,0,0,69,69,3,6
L5I-U324,6,20,2344,146,221,43,0,146,142,1,2
L10L-U808,8,21,1234,167,303,14,24,167,166,1,2
L12K-U807,8,17,689,14,24,0,0,14,0,3,6
M13B-A858,7,17,765,157,215,0,3,157,157,1,2
M5O-A536,9,2,157,32,169,6,16,32,32,3,6
M17S-A504,6,19,1566,266,436,50,0,266,266,1,2
M11H-A219,7,16,656,41,101,4,0,41,40,3,6
M7S-A602,6,19,2414,14,14,6,0,14,14,1,2
M8M-A506,6,19,1279,382,617,1,0,382,382,1,2
M6H-C600,7,23,794,251,416,32,97,251,251,1,2
M3L-D750,6,20,1990,193,299,7,11,193,193,1,2
M19Y-E558,11,14,459,49,210,0,0,49,47,3,6
M7R-E583,6,19,1192,54,149,1,135,54,26,1,2
M9A-E430,6,20,1431,241,363,57,0,241,239,1,2
M12B-I604,9,2,493,355,501,11,0,355,355,3,6
M8H-I348,6,20,1513,341,427,40,0,341,341,1,2
M6Y-I495,9,8,165,391,452,0,0,391,385,3,6
M9A-I258,6,20,1451,202,462,8,0,202,202,1,2
M4T-I875,10,10,441,113,124,0,0,113,113,3,6
M10L-I144,6,19,1767,111,326,0,2,111,111,1,2
M12N-O606,6,20,1419,268,404,26,6,268,268,1,2
M17S-O621,7,23,1098,985,987,240,0,985,979,5,1
M14L-O315,8,21,1878,437,630,57,3,437,437,1,2
M3M-R708,4,23,989,1649,2484,0,0,1649,1578,2,3
M11L-Y784,6,19,1405,150,194,1,0,150,122,1,2
M6B-Y362,5,6,717,8,8,0,0,8,7,3,6
N29C-A355,10,8,183,376,642,0,45,376,372,3,6
N17S-A206,6,20,1613,146,290,123,0,146,140,1,2
N12S-A369,10,8,381,62,92,1,0,62,62,3,6
N21B-A858,9,1,180,84,133,27,0,84,84,3,6
N13S-A797,6,19,1577,189,205,11,0,189,189,1,2
N13B-A992,5,5,1104,525,733,52,0,525,525,3,6
N8A-E336,6,19,2244,253,345,58,0,253,253,1,2
N12H-E106,9,8,582,159,283,0,3,159,158,3,6
N13B-E833,10,9,298,403,673,0,0,403,402,3,6
N8S-G872,11,14,507,13,13,0,0,13,12,3,6
N21B-L869,10,8,401,94,163,0,0,94,50,3,6
N10K-O398,6,19,1431,222,347,52,2,222,222,1,2
N19S-O656,6,19,1319,201,312,54,0,201,201,1,2
N9T-O377,7,17,800,63,94,0,2,63,63,1,2
N13L-U648,7,19,1138,413,846,30,52,413,413,5,1
O13L-C250,3,16,68,8,10,0,0,8,8,3,6
O16B-C718,7,18,1152,303,424,27,0,303,274,1,2
O7K-M934,6,20,1520,171,225,7,0,171,169,1,2
O12S-R997,11,14,380,195,390,30,0,195,100,3,6
O9C-R768,2,8,171,22,41,11,0,22,22,3,6
O7K-R800,9,1,188,75,125,14,0,75,75,3,6
O9O-R569,2,7,38,33,33,0,0,33,33,3,6
O11N-R150,7,16,842,769,1296,0,0,769,271,5,1
O9P-R202,11,14,386,216,218,0,0,216,216,3,6
O9S-R569,2,15,1076,286,1008,312,6,286,277,5,1
O10W-S396,2,7,88,4,5,0,0,4,1,3,6
P4L-A813,7,16,1105,132,202,0,0,132,130,1,2
P9T-A542,4,23,1523,2713,3905,199,36,2713,2634,2,3
P3A-D376,7,18,619,535,900,31,8,535,535,5,1
P5C-D703,5,6,765,131,528,2,9,131,21,3,6
P3C-D431,6,19,1580,148,230,0,2,148,148,1,2
P4I-D617,6,19,1642,37,56,1,4,37,37,1,2
P3L-D642,6,19,2347,20,32,0,0,20,19,1,2
P5L-E311,10,11,450,490,731,0,3,490,490,3,6
P11L-E656,6,19,2190,57,82,1,0,57,56,1,2
P23B-E866,5,4,760,30,60,0,4,30,25,3,6
P6T-E179,8,21,1202,11,13,0,0,11,0,1,2
P11B-F790,2,15,87,924,1193,531,0,924,924,5,1
P16L-H675,7,17,674,179,512,3,14,179,179,1,2
P14T-I655,6,19,1571,26,56,0,5,26,26,1,2
P5I-I402,6,19,1314,141,588,0,0,141,140,1,2
P3C-M422,4,23,1345,695,986,40,0,695,695,5,1
P8L-R780,6,19,1780,122,294,0,1,122,122,1,2
P17K-R730,7,17,1101,384,640,80,162,384,382,5,1
P22N-R802,10,8,550,38,62,0,0,38,38,3,6
P20O-R239,6,20,1356,127,225,12,1,127,127,1,2
P14B-R353,2,7,93,66,86,1,0,66,66,3,6
P5O-R977,3,15,61,125,242,0,0,125,121,3,6
P18B-R561,6,19,1373,51,72,7,0,51,50,1,2
P13L-R463,6,19,1346,514,632,69,0,514,512,5,1
P14B-R901,4,23,1675,610,934,37,2,610,565,5,1
P21S-R945,6,19,1200,106,115,1,0,106,106,1,2
P12S-R568,11,14,157,580,857,139,6,580,578,5,1
P12L-R154,4,23,1733,1006,1389,312,5,1006,1005,5,1
P21B-R177,8,22,1479,727,939,9,0,727,716,5,1
P28Y-R566,1,1,120,69,185,0,108,69,69,3,6
P17B-R797,7,17,992,227,322,4,0,227,218,1,2
P18S-R865,8,21,1797,114,226,4,190,114,108,1,2
P7T-R952,10,9,414,138,186,1,0,138,138,3,6
Q9T-U391,4,23,2140,850,1942,59,0,850,4,5,1
Q17S-U488,6,19,2064,72,165,0,0,72,72,1,2
Q16B-U397,6,19,2063,190,258,30,0,190,189,1,2
Q15L-V462,5,8,884,167,327,0,0,167,137,3,6
R7T-A559,10,8,215,45,47,93,0,45,45,3,6
R3M-A577,4,17,923,2371,4682,0,0,2371,0,2,3
R9B-A950,11,14,284,322,454,0,0,322,322,3,6
R7K-E611,11,15,590,48,84,0,23,48,48,3,6
R10R-E362,11,14,631,5,18,0,0,5,2,3,6
R15S-E572,10,8,305,121,228,1,25,121,121,3,6
R15B-E108,6,19,1571,90,145,3,0,90,90,1,2
R17S-E550,3,15,45,17,17,0,0,17,16,3,6
R10N-E662,11,15,150,830,1398,36,0,830,718,5,1
R16L-E577,7,17,1048,245,291,195,0,245,245,1,2
R3K-G945,6,21,1515,42,67,0,0,42,40,1,2
R21S-G652,5,5,732,209,323,0,0,209,208,3,6
R18O-I928,6,19,1728,101,145,24,0,101,101,1,2
R9E-I801,6,19,2246,146,238,4,0,146,146,1,2
R10L-I142,9,1,303,251,430,0,0,251,250,3,6
R12S-I208,7,17,1038,146,205,16,0,146,138,1,2
R4A-M592,7,16,647,58,164,1,0,58,58,3,6
R14B-O541,3,22,1208,713,2526,0,0,713,16,5,1
R7B-V306,8,21,1706,396,611,21,10,396,396,1,2
R16B-Y187,8,21,2042,383,440,69,0,383,383,1,2
R5C-Y546,6,19,2531,176,242,24,0,176,176,1,2
S10L-A804,2,7,579,559,762,50,1,559,559,3,6
S7B-A714,5,15,1013,64,158,0,64,64,62,1,2
S14S-A825,4,23,1711,1453,2617,4,0,1453,1418,2,3
S8E-A697,6,19,1626,220,256,0,0,220,208,1,2
S5C-A587,6,20,2079,76,160,14,0,76,76,1,2
S19C-C317,9,1,328,87,130,1,0,87,86,3,6
S16L-C223,9,1,358,2,8,0,0,2,2,3,6
S8C-C501,5,5,625,511,755,68,1,511,511,3,6
S9E-C519,6,20,1385,70,321,1,15,70,70,1,2
S3T-D711,6,19,2007,342,555,54,0,342,341,1,2
S8K-E301,7,17,1032,512,664,44,7,512,512,5,1
S17S-E799,8,21,2188,443,600,0,0,443,443,1,2
S15B-E325,7,18,1143,122,330,15,1,122,122,1,2
S12L-E601,7,23,1193,559,822,2,7,559,559,5,1
S15B-E589,4,23,1676,1264,2034,27,0,1264,1259,2,3
S12A-H614,9,14,299,23,53,0,0,23,0,3,6
S8I-H940,6,19,1273,97,260,0,0,97,97,1,2
S16S-I101,6,19,1355,149,237,1,2,149,149,1,2
S11L-I218,6,19,1359,365,529,0,0,365,274,1,2
S23B-I123,1,7,31,153,172,20,0,153,153,3,6
S16B-K576,8,21,1290,520,541,116,0,520,515,5,1
S12B-K575,6,19,1586,281,457,496,0,281,267,1,1
S6B-K583,9,1,297,12,15,2,0,12,12,3,6
S14L-M127,4,23,1894,691,1141,333,0,691,645,5,1
S8B-M127,5,5,901,1137,1723,199,136,1137,1137,5,3
S12S-M890,3,16,103,65,96,0,0,65,65,3,6
S10Y-M248,5,16,1214,107,312,0,1,107,80,1,2
S10S-M896,6,19,1949,152,289,11,9,152,152,1,2
S13L-O340,7,17,834,509,699,40,8,509,509,5,1
S14S-O940,6,19,956,426,430,112,0,426,426,1,1
S16B-P300,7,16,1039,591,713,508,0,591,590,5,1
S11S-P184,6,19,1713,226,391,42,0,226,223,1,2
S8B-S333,5,15,836,175,269,0,0,175,175,3,6
S13B-T978,10,8,502,86,118,39,0,86,86,3,6
S3L-T310,11,14,114,300,844,1,0,300,0,3,6
S5E-T859,3,15,88,304,408,0,6,304,304,3,6
S10E-T603,6,19,1879,312,475,0,0,312,312,1,2
S22O-T122,5,5,716,12,23,0,0,12,12,3,6
S13L-T235,7,17,1151,669,927,162,0,669,669,5,1
S82-T864,2,7,142,79,130,2,1,79,79,3,6
S9E-T900,6,19,1738,17,67,0,4,17,17,1,2
S9T-T800,1,1,16,38,74,49,0,38,38,3,6
S7I-U277,5,6,1013,83,148,2,2,83,83,3,6
S19S-U172,11,14,402,1,2,0,0,1,1,3,6
S14S-U696,6,20,1559,250,310,8,1,250,245,1,2
S8B-W396,4,22,1970,743,1037,113,12,743,731,5,1
S9D-Y475,8,21,1160,511,771,0,0,511,495,5,1
S21S-Y159,7,18,794,372,1131,0,21,372,371,5,1
T7A-A832,1,1,142,18,48,1,1,18,18,3,6
T7B-A665,4,23,239,116,242,2,0,116,116,1,2
T12T-A817,6,19,1879,41,131,8,0,41,27,1,2
T4A-D867,4,21,136,45,143,0,1,45,45,3,6
T15B-E754,1,1,16,30,200,150,0,30,0,3,6
T17L-H289,6,19,1272,311,597,0,0,311,311,1,2
T15S-H170,7,17,761,312,366,2,0,312,312,1,2
T19P-H193,5,16,1173,49,69,2,0,49,49,1,2
T12S-H541,7,17,774,301,319,5,0,301,300,1,2
T72-I963,3,15,81,20,44,0,0,20,20,3,6
T7S-I557,6,21,1724,340,485,124,0,340,338,1,2
T15B-O184,5,5,878,238,442,0,39,238,238,3,6
T9E-R492,5,5,653,235,341,0,0,235,234,3,6
T11N-R800,2,23,1027,218,320,4,2,218,217,1,2
T15B-R467,9,1,614,121,178,8,0,121,120,3,6
T14L-R554,10,8,487,118,127,143,24,118,118,3,6
T7G-R244,4,23,1910,803,1076,24,7,803,803,5,1
T8N-R348,6,19,1636,156,261,18,0,156,156,1,2
T8E-R462,7,16,667,97,147,1,0,97,97,3,6
T9N-R401,10,8,499,380,636,645,0,380,380,5,1
T3D-S123,4,23,1978,1647,2586,142,83,1647,1644,2,3
T3E-T215,6,19,1389,524,851,0,0,524,522,5,1
U3L-D872,2,8,92,77,117,0,0,77,77,3,6
U14S-L541,6,19,2671,88,295,0,0,88,87,1,2
U9L-N356,7,17,988,317,486,28,0,317,317,1,2
U9L-N431,5,5,1146,531,565,0,0,531,531,3,6
V3I-A182,8,17,1184,41,66,2,0,41,37,1,2
V11B-A434,6,20,1782,152,348,0,0,152,0,1,2
V3A-D639,4,23,2552,1960,2879,31,34,1960,1958,2,3
V3S-D378,6,20,2637,147,176,2,0,147,145,1,2
V12L-E503,1,7,53,116,187,0,21,116,64,3,6
V4S-E724,4,23,1718,863,1107,0,0,863,857,5,1
V5S-I555,4,23,2463,837,1210,109,0,837,836,5,1
V9L-I870,7,17,739,210,599,47,5,210,202,1,2
V8Y-I583,2,22,1688,14,18,1,1,14,14,1,2
W3L-D674,4,23,1991,569,776,13,614,569,569,5,1
W13L-E260,6,19,1600,211,280,203,5,211,211,1,2
W13B-E643,11,14,471,1173,1559,201,71,1173,1172,5,3
W14L-E515,4,23,1566,390,922,26,5,390,390,1,1
W9K-H202,8,23,2014,412,593,52,0,412,412,1,2
W5D-I928,6,19,2193,65,74,17,0,65,62,1,2
W7R-V272,9,1,242,238,1065,23,169,238,238,3,6
W11L-Y440,9,15,138,31,212,0,0,31,31,3,6
X3L-D656,8,22,2344,578,899,7,0,578,576,5,1
X3Z-Y313,11,14,470,120,221,89,0,120,118,3,6
Y10T-D440,11,15,147,632,1048,172,165,632,628,5,1
Y12H-G993,7,16,1171,885,1171,187,0,885,871,5,1
Z10R-A319,6,19,1314,25,49,0,0,25,25,1,2
